{
    "index_terms": {
        "index_terms": {
            "quick": [],
            "brown": [],
            "fox": [],
            "eagle": [],
            "wolf": [],
            "prey": [],
            "is": []
        }
    },
    "new_index_terms_allowed": false,
    "indexed_documents": {
        "eagle.txt": {
            "eagle": {
                "occurrences": 2,
                "tf": 0.4,
                "idf": 0.6931471805599453,
                "tf_idf": 0.2772588722239781
            },
            "is": {
                "occurrences": 2,
                "tf": 0.4,
                "idf": 0.28768207245178085,
                "tf_idf": 0.11507282898071235
            },
            "prey": {
                "occurrences": 1,
                "tf": 0.2,
                "idf": 0.28768207245178085,
                "tf_idf": 0.05753641449035617
            }
        },
        "brown eagle.txt": {
            "brown": {
                "occurrences": 1,
                "tf": 0.5,
                "idf": 1.3862943611198906,
                "tf_idf": 0.6931471805599453
            },
            "eagle": {
                "occurrences": 1,
                "tf": 0.5,
                "idf": 0.6931471805599453,
                "tf_idf": 0.34657359027997264
            }
        },
        "wolfs.txt": {
            "wolf": {
                "occurrences": 1,
                "tf": 0.3333333333333333,
                "idf": 1.3862943611198906,
                "tf_idf": 0.46209812037329684
            },
            "is": {
                "occurrences": 1,
                "tf": 0.3333333333333333,
                "idf": 0.28768207245178085,
                "tf_idf": 0.09589402415059362
            },
            "prey": {
                "occurrences": 1,
                "tf": 0.3333333333333333,
                "idf": 0.28768207245178085,
                "tf_idf": 0.09589402415059362
            }
        },
        "foxes.txt": {
            "fox": {
                "occurrences": 1,
                "tf": 0.25,
                "idf": 1.3862943611198906,
                "tf_idf": 0.34657359027997264
            },
            "is": {
                "occurrences": 1,
                "tf": 0.25,
                "idf": 0.28768207245178085,
                "tf_idf": 0.07192051811294521
            },
            "quick": {
                "occurrences": 1,
                "tf": 0.25,
                "idf": 1.3862943611198906,
                "tf_idf": 0.34657359027997264
            },
            "prey": {
                "occurrences": 1,
                "tf": 0.25,
                "idf": 0.28768207245178085,
                "tf_idf": 0.07192051811294521
            }
        }
    }
}